{"cameraMode":{"drawMode":0,"name":"Shaded","section":"Shading Mode"},"sceneLighting":true,"audioPlay":false,"sceneViewState":{"m_AlwaysRefresh":false,"showFog":true,"showSkybox":true,"showFlares":true,"showImageEffects":true,"showParticleSystems":true,"showVisualEffectGraphs":true,"m_FxEnabled":true},"in2DMode":false,"pivot":{"x":-0.2900767922401428,"y":5.796907901763916,"z":-6.436310768127441},"rotation":{"x":0.44471684098243716,"y":-0.5390733480453491,"z":0.40811535716056826,"w":0.5874329805374146},"size":0.004118672106415033,"orthographic":false}